Workbook

Sheet Claims
A1: id | B1: branch | C1: category | D1: amount | E1: status | F1: submitted | G1: approved | H1: limit | I1: over_limit | J1: date_check | L1: status | M1: count
A2: CLM-0001 | B2: BR5 | C2: Property | D2: 13335 | E2: Submitted | F2: =DATE(2026,4,15) -> 46127 | H2: =VLOOKUP($C2,Limits!$A$2:$B$6,2,FALSE) -> 20000 | I2: =IF(D2>H2,"OVER","OK") -> OK | J2: =IF(G2="","OK",IF(G2<F2,"BAD_DATE","OK")) -> OK | L2: Submitted | M2: =COUNTIF($E$2:$E$301,L2) -> 83
A3: CLM-0002 | B3: BR5 | C3: Auto | D3: 19792 | E3: Rejected | F3: =DATE(2026,6,21) -> 46194 | H3: =VLOOKUP($C3,Limits!$A$2:$B$6,2,FALSE) -> 5000 | I3: =IF(D3>H3,"OVER","OK") -> OVER | J3: =IF(G3="","OK",IF(G3<F3,"BAD_DATE","OK")) -> OK | L3: Approved | M3: =COUNTIF($E$2:$E$301,L3) -> 69
A4: CLM-0003 | B4: BR3 | C4: Travel | D4: 15551 | E4: Paid | F4: =DATE(2026,2,19) -> 46072 | G4: =DATE(2026,2,39) -> 46092 | H4: =VLOOKUP($C4,Limits!$A$2:$B$6,2,FALSE) -> 3000 | I4: =IF(D4>H4,"OVER","OK") -> OVER | J4: =IF(G4="","OK",IF(G4<F4,"BAD_DATE","OK")) -> OK | L4: Rejected | M4: =COUNTIF($E$2:$E$301,L4) -> 79
A5: CLM-0004 | B5: BR5 | C5: Travel | D5: 21867 | E5: Submitted | F5: =DATE(2026,1,28) -> 46050 | H5: =VLOOKUP($C5,Limits!$A$2:$B$6,2,FALSE) -> 3000 | I5: =IF(D5>H5,"OVER","OK") -> OVER | J5: =IF(G5="","OK",IF(G5<F5,"BAD_DATE","OK")) -> OK | L5: Paid | M5: =COUNTIF($E$2:$E$301,L5) -> 69
A6: CLM-0005 | B6: BR3 | C6: Property | D6: 11328 | E6: Rejected | F6: =DATE(2026,1,26) -> 46048 | H6: =VLOOKUP($C6,Limits!$A$2:$B$6,2,FALSE) -> 20000 | I6: =IF(D6>H6,"OVER","OK") -> OK | J6: =IF(G6="","OK",IF(G6<F6,"BAD_DATE","OK")) -> OK
A7: CLM-0006 | B7: BR2 | C7: Liability | D7: 17616 | E7: Approved | F7: =DATE(2026,1,5) -> 46027 | G7: =DATE(2026,1,16) -> 46038 | H7: =VLOOKUP($C7,Limits!$A$2:$B$6,2,FALSE) -> 15000 | I7: =IF(D7>H7,"OVER","OK") -> OVER | J7: =IF(G7="","OK",IF(G7<F7,"BAD_DATE","OK")) -> OK
A8: CLM-0007 | B8: BR3 | C8: Liability | D8: 10059 | E8: Paid | F8: =DATE(2026,3,14) -> 46095 | G8: =DATE(2026,3,16) -> 46097 | H8: =VLOOKUP($C8,Limits!$A$2:$B$6,2,FALSE) -> 15000 | I8: =IF(D8>H8,"OVER","OK") -> OK | J8: =IF(G8="","OK",IF(G8<F8,"BAD_DATE","OK")) -> OK
A9: CLM-0008 | B9: BR1 | C9: Medical | D9: 1925 | E9: Rejected | F9: =DATE(2026,5,28) -> 46170 | H9: =VLOOKUP($C9,Limits!$A$2:$B$6,2,FALSE) -> 10000 | I9: =IF(D9>H9,"OVER","OK") -> OK | J9: =IF(G9="","OK",IF(G9<F9,"BAD_DATE","OK")) -> OK
A10: CLM-0009 | B10: BR3 | C10: Auto | D10: 5829 | E10: Approved | F10: =DATE(2026,2,28) -> 46081 | G10: =DATE(2026,2,32) -> 46085 | H10: =VLOOKUP($C10,Limits!$A$2:$B$6,2,FALSE) -> 5000 | I10: =IF(D10>H10,"OVER","OK") -> OVER | J10: =IF(G10="","OK",IF(G10<F10,"BAD_DATE","OK")) -> OK
A11: CLM-0010 | B11: BR1 | C11: Liability | D11: 21467 | E11: Rejected | F11: =DATE(2026,4,10) -> 46122 | H11: =VLOOKUP($C11,Limits!$A$2:$B$6,2,FALSE) -> 15000 | I11: =IF(D11>H11,"OVER","OK") -> OVER | J11: =IF(G11="","OK",IF(G11<F11,"BAD_DATE","OK")) -> OK
A12: CLM-0011 | B12: BR5 | C12: Auto | D12: 9020 | E12: Approved | F12: =DATE(2026,1,25) -> 46047 | G12: =DATE(2026,1,43) -> 46065 | H12: =VLOOKUP($C12,Limits!$A$2:$B$6,2,FALSE) -> 5000 | I12: =IF(D12>H12,"OVER","OK") -> OVER | J12: =IF(G12="","OK",IF(G12<F12,"BAD_DATE","OK")) -> OK
A13: CLM-0012 | B13: BR2 | C13: Liability | D13: 18851 | E13: Submitted | F13: =DATE(2026,5,13) -> 46155 | H13: =VLOOKUP($C13,Limits!$A$2:$B$6,2,FALSE) -> 15000 | I13: =IF(D13>H13,"OVER","OK") -> OVER | J13: =IF(G13="","OK",IF(G13<F13,"BAD_DATE","OK")) -> OK
A14: CLM-0013 | B14: BR5 | C14: Liability | D14: 19427 | E14: Paid | F14: =DATE(2026,3,15) -> 46096 | G14: =DATE(2026,3,35) -> 46116 | H14: =VLOOKUP($C14,Limits!$A$2:$B$6,2,FALSE) -> 15000 | I14: =IF(D14>H14,"OVER","OK") -> OVER | J14: =IF(G14="","OK",IF(G14<F14,"BAD_DATE","OK")) -> OK
A15: CLM-0014 | B15: BR4 | C15: Property | D15: 5226 | E15: Rejected | F15: =DATE(2026,6,23) -> 46196 | H15: =VLOOKUP($C15,Limits!$A$2:$B$6,2,FALSE) -> 20000 | I15: =IF(D15>H15,"OVER","OK") -> OK | J15: =IF(G15="","OK",IF(G15<F15,"BAD_DATE","OK")) -> OK
A16: CLM-0015 | B16: BR5 | C16: Liability | D16: 9394 | E16: Rejected | F16: =DATE(2026,6,25) -> 46198 | H16: =VLOOKUP($C16,Limits!$A$2:$B$6,2,FALSE) -> 15000 | I16: =IF(D16>H16,"OVER","OK") -> OK | J16: =IF(G16="","OK",IF(G16<F16,"BAD_DATE","OK")) -> OK
A17: CLM-0016 | B17: BR1 | C17: Liability | D17: 5769 | E17: Approved | F17: =DATE(2026,2,10) -> 46063 | G17: =DATE(2026,2,27) -> 46080 | H17: =VLOOKUP($C17,Limits!$A$2:$B$6,2,FALSE) -> 15000 | I17: =IF(D17>H17,"OVER","OK") -> OK | J17: =IF(G17="","OK",IF(G17<F17,"BAD_DATE","OK")) -> OK
A18: CLM-0017 | B18: BR5 | C18: Travel | D18: 9010 | E18: Rejected | F18: =DATE(2026,4,18) -> 46130 | H18: =VLOOKUP($C18,Limits!$A$2:$B$6,2,FALSE) -> 3000 | I18: =IF(D18>H18,"OVER","OK") -> OVER | J18: =IF(G18="","OK",IF(G18<F18,"BAD_DATE","OK")) -> OK
A19: CLM-0018 | B19: BR1 | C19: Travel | D19: 15152 | E19: Rejected | F19: =DATE(2026,6,6) -> 46179 | H19: =VLOOKUP($C19,Limits!$A$2:$B$6,2,FALSE) -> 3000 | I19: =IF(D19>H19,"OVER","OK") -> OVER | J19: =IF(G19="","OK",IF(G19<F19,"BAD_DATE","OK")) -> OK
A20: CLM-0019 | B20: BR4 | C20: Property | D20: 6655 | E20: Rejected | F20: =DATE(2026,5,22) -> 46164 | H20: =VLOOKUP($C20,Limits!$A$2:$B$6,2,FALSE) -> 20000 | I20: =IF(D20>H20,"OVER","OK") -> OK | J20: =IF(G20="","OK",IF(G20<F20,"BAD_DATE","OK")) -> OK
A21: CLM-0020 | B21: BR5 | C21: Medical | D21: 1703 | E21: Paid | F21: =DATE(2026,4,19) -> 46131 | G21: =DATE(2026,4,22) -> 46134 | H21: =VLOOKUP($C21,Limits!$A$2:$B$6,2,FALSE) -> 10000 | I21: =IF(D21>H21,"OVER","OK") -> OK | J21: =IF(G21="","OK",IF(G21<F21,"BAD_DATE","OK")) -> OK
A22: CLM-0021 | B22: BR5 | C22: Auto | D22: 20976 | E22: Approved | F22: =DATE(2026,6,12) -> 46185 | G22: =DATE(2026,6,28) -> 46201 | H22: =VLOOKUP($C22,Limits!$A$2:$B$6,2,FALSE) -> 5000 | I22: =IF(D22>H22,"OVER","OK") -> OVER | J22: =IF(G22="","OK",IF(G22<F22,"BAD_DATE","OK")) -> OK
A23: CLM-0022 | B23: BR1 | C23: Travel | D23: 13284 | E23: Approved | F23: =DATE(2026,3,13) -> 46094 | G23: =DATE(2026,3,37) -> 46118 | H23: =VLOOKUP($C23,Limits!$A$2:$B$6,2,FALSE) -> 3000 | I23: =IF(D23>H23,"OVER","OK") -> OVER | J23: =IF(G23="","OK",IF(G23<F23,"BAD_DATE","OK")) -> OK
A24: CLM-0023 | B24: BR4 | C24: Liability | D24: 17384 | E24: Submitted | F24: =DATE(2026,2,23) -> 46076 | H24: =VLOOKUP($C24,Limits!$A$2:$B$6,2,FALSE) -> 15000 | I24: =IF(D24>H24,"OVER","OK") -> OVER | J24: =IF(G24="","OK",IF(G24<F24,"BAD_DATE","OK")) -> OK
A25: CLM-0024 | B25: BR1 | C25: Property | D25: 1500 | E25: Approved | F25: =DATE(2026,2,17) -> 46070 | G25: =DATE(2026,2,19) -> 46072 | H25: =VLOOKUP($C25,Limits!$A$2:$B$6,2,FALSE) -> 20000 | I25: =IF(D25>H25,"OVER","OK") -> OK | J25: =IF(G25="","OK",IF(G25<F25,"BAD_DATE","OK")) -> OK
A26: CLM-0025 | B26: BR3 | C26: Travel | D26: 17752 | E26: Approved | F26: =DATE(2026,6,20) -> 46193 | G26: =DATE(2026,6,31) -> 46204 | H26: =VLOOKUP($C26,Limits!$A$2:$B$6,2,FALSE) -> 3000 | I26: =IF(D26>H26,"OVER","OK") -> OVER | J26: =IF(G26="","OK",IF(G26<F26,"BAD_DATE","OK")) -> OK
A27: CLM-0026 | B27: BR5 | C27: Travel | D27: 3159 | E27: Submitted | F27: =DATE(2026,5,20) -> 46162 | H27: =VLOOKUP($C27,Limits!$A$2:$B$6,2,FALSE) -> 3000 | I27: =IF(D27>H27,"OVER","OK") -> OVER | J27: =IF(G27="","OK",IF(G27<F27,"BAD_DATE","OK")) -> OK
A28: CLM-0027 | B28: BR4 | C28: Liability | D28: 16805 | E28: Rejected | F28: =DATE(2026,2,17) -> 46070 | H28: =VLOOKUP($C28,Limits!$A$2:$B$6,2,FALSE) -> 15000 | I28: =IF(D28>H28,"OVER","OK") -> OVER | J28: =IF(G28="","OK",IF(G28<F28,"BAD_DATE","OK")) -> OK
A29: CLM-0028 | B29: BR3 | C29: Auto | D29: 14022 | E29: Rejected | F29: =DATE(2026,2,28) -> 46081 | H29: =VLOOKUP($C29,Limits!$A$2:$B$6,2,FALSE) -> 5000 | I29: =IF(D29>H29,"OVER","OK") -> OVER | J29: =IF(G29="","OK",IF(G29<F29,"BAD_DATE","OK")) -> OK
A30: CLM-0029 | B30: BR4 | C30: Property | D30: 22881 | E30: Paid | F30: =DATE(2026,2,22) -> 46075 | G30: =DATE(2026,2,36) -> 46089 | H30: =VLOOKUP($C30,Limits!$A$2:$B$6,2,FALSE) -> 20000 | I30: =IF(D30>H30,"OVER","OK") -> OVER | J30: =IF(G30="","OK",IF(G30<F30,"BAD_DATE","OK")) -> OK
A31: CLM-0030 | B31: BR4 | C31: Travel | D31: 14640 | E31: Submitted | F31: =DATE(2026,5,18) -> 46160 | H31: =VLOOKUP($C31,Limits!$A$2:$B$6,2,FALSE) -> 3000 | I31: =IF(D31>H31,"OVER","OK") -> OVER | J31: =IF(G31="","OK",IF(G31<F31,"BAD_DATE","OK")) -> OK
A32: CLM-0031 | B32: BR4 | C32: Travel | D32: 14087 | E32: Approved | F32: =DATE(2026,3,2) -> 46083 | G32: =DATE(2026,3,26) -> 46107 | H32: =VLOOKUP($C32,Limits!$A$2:$B$6,2,FALSE) -> 3000 | I32: =IF(D32>H32,"OVER","OK") -> OVER | J32: =IF(G32="","OK",IF(G32<F32,"BAD_DATE","OK")) -> OK
A33: CLM-0032 | B33: BR5 | C33: Medical | D33: 14098 | E33: Submitted | F33: =DATE(2026,5,4) -> 46146 | H33: =VLOOKUP($C33,Limits!$A$2:$B$6,2,FALSE) -> 10000 | I33: =IF(D33>H33,"OVER","OK") -> OVER | J33: =IF(G33="","OK",IF(G33<F33,"BAD_DATE","OK")) -> OK
A34: CLM-0033 | B34: BR5 | C34: Property | D34: 7808 | E34: Rejected | F34: =DATE(2026,4,9) -> 46121 | H34: =VLOOKUP($C34,Limits!$A$2:$B$6,2,FALSE) -> 20000 | I34: =IF(D34>H34,"OVER","OK") -> OK | J34: =IF(G34="","OK",IF(G34<F34,"BAD_DATE","OK")) -> OK
A35: CLM-0034 | B35: BR3 | C35: Travel | D35: 18845 | E35: Approved | F35: =DATE(2026,2,16) -> 46069 | G35: =DATE(2026,2,34) -> 46087 | H35: =VLOOKUP($C35,Limits!$A$2:$B$6,2,FALSE) -> 3000 | I35: =IF(D35>H35,"OVER","OK") -> OVER | J35: =IF(G35="","OK",IF(G35<F35,"BAD_DATE","OK")) -> OK
A36: CLM-0035 | B36: BR3 | C36: Property | D36: 1845 | E36: Submitted | F36: =DATE(2026,1,6) -> 46028 | H36: =VLOOKUP($C36,Limits!$A$2:$B$6,2,FALSE) -> 20000 | I36: =IF(D36>H36,"OVER","OK") -> OK | J36: =IF(G36="","OK",IF(G36<F36,"BAD_DATE","OK")) -> OK
A37: CLM-0036 | B37: BR5 | C37: Auto | D37: 14195 | E37: Submitted | F37: =DATE(2026,2,1) -> 46054 | H37: =VLOOKUP($C37,Limits!$A$2:$B$6,2,FALSE) -> 5000 | I37: =IF(D37>H37,"OVER","OK") -> OVER | J37: =IF(G37="","OK",IF(G37<F37,"BAD_DATE","OK")) -> OK
A38: CLM-0037 | B38: BR2 | C38: Property | D38: 585 | E38: Rejected | F38: =DATE(2026,2,2) -> 46055 | H38: =VLOOKUP($C38,Limits!$A$2:$B$6,2,FALSE) -> 20000 | I38: =IF(D38>H38,"OVER","OK") -> OK | J38: =IF(G38="","OK",IF(G38<F38,"BAD_DATE","OK")) -> OK
A39: CLM-0038 | B39: BR2 | C39: Liability | D39: 18716 | E39: Submitted | F39: =DATE(2026,4,21) -> 46133 | H39: =VLOOKUP($C39,Limits!$A$2:$B$6,2,FALSE) -> 15000 | I39: =IF(D39>H39,"OVER","OK") -> OVER | J39: =IF(G39="","OK",IF(G39<F39,"BAD_DATE","OK")) -> OK
A40: CLM-0039 | B40: BR5 | C40: Property | D40: 12833 | E40: Paid | F40: =DATE(2026,6,6) -> 46179 | G40: =DATE(2026,6,30) -> 46203 | H40: =VLOOKUP($C40,Limits!$A$2:$B$6,2,FALSE) -> 20000 | I40: =IF(D40>H40,"OVER","OK") -> OK | J40: =IF(G40="","OK",IF(G40<F40,"BAD_DATE","OK")) -> OK
A41: CLM-0040 | B41: BR5 | C41: Medical | D41: 5833 | E41: Approved | F41: =DATE(2026,6,23) -> 46196 | G41: =DATE(2026,6,40) -> 46213 | H41: =VLOOKUP($C41,Limits!$A$2:$B$6,2,FALSE) -> 10000 | I41: =IF(D41>H41,"OVER","OK") -> OK | J41: =IF(G41="","OK",IF(G41<F41,"BAD_DATE","OK")) -> OK
A42: CLM-0041 | B42: BR4 | C42: Auto | D42: 4452 | E42: Submitted | F42: =DATE(2026,4,8) -> 46120 | H42: =VLOOKUP($C42,Limits!$A$2:$B$6,2,FALSE) -> 5000 | I42: =IF(D42>H42,"OVER","OK") -> OK | J42: =IF(G42="","OK",IF(G42<F42,"BAD_DATE","OK")) -> OK
A43: CLM-0042 | B43: BR1 | C43: Medical | D43: 5579 | E43: Rejected | F43: =DATE(2026,6,27) -> 46200 | H43: =VLOOKUP($C43,Limits!$A$2:$B$6,2,FALSE) -> 10000 | I43: =IF(D43>H43,"OVER","OK") -> OK | J43: =IF(G43="","OK",IF(G43<F43,"BAD_DATE","OK")) -> OK
A44: CLM-0043 | B44: BR1 | C44: Medical | D44: 7350 | E44: Rejected | F44: =DATE(2026,1,23) -> 46045 | H44: =VLOOKUP($C44,Limits!$A$2:$B$6,2,FALSE) -> 10000 | I44: =IF(D44>H44,"OVER","OK") -> OK | J44: =IF(G44="","OK",IF(G44<F44,"BAD_DATE","OK")) -> OK
A45: CLM-0044 | B45: BR2 | C45: Travel | D45: 24150 | E45: Submitted | F45: =DATE(2026,6,14) -> 46187 | H45: =VLOOKUP($C45,Limits!$A$2:$B$6,2,FALSE) -> 3000 | I45: =IF(D45>H45,"OVER","OK") -> OVER | J45: =IF(G45="","OK",IF(G45<F45,"BAD_DATE","OK")) -> OK
A46: CLM-0045 | B46: BR4 | C46: Property | D46: 6180 | E46: Approved | F46: =DATE(2026,2,25) -> 46078 | G46: =DATE(2026,2,26) -> 46079 | H46: =VLOOKUP($C46,Limits!$A$2:$B$6,2,FALSE) -> 20000 | I46: =IF(D46>H46,"OVER","OK") -> OK | J46: =IF(G46="","OK",IF(G46<F46,"BAD_DATE","OK")) -> OK
A47: CLM-0046 | B47: BR1 | C47: Property | D47: 5148 | E47: Submitted | F47: =DATE(2026,3,26) -> 46107 | H47: =VLOOKUP($C47,Limits!$A$2:$B$6,2,FALSE) -> 20000 | I47: =IF(D47>H47,"OVER","OK") -> OK | J47: =IF(G47="","OK",IF(G47<F47,"BAD_DATE","OK")) -> OK
A48: CLM-0047 | B48: BR4 | C48: Liability | D48: 12782 | E48: Submitted | F48: =DATE(2026,5,18) -> 46160 | H48: =VLOOKUP($C48,Limits!$A$2:$B$6,2,FALSE) -> 15000 | I48: =IF(D48>H48,"OVER","OK") -> OK | J48: =IF(G48="","OK",IF(G48<F48,"BAD_DATE","OK")) -> OK
A49: CLM-0048 | B49: BR4 | C49: Liability | D49: 15569 | E49: Approved | F49: =DATE(2026,4,9) -> 46121 | G49: =DATE(2026,4,34) -> 46146 | H49: =VLOOKUP($C49,Limits!$A$2:$B$6,2,FALSE) -> 15000 | I49: =IF(D49>H49,"OVER","OK") -> OVER | J49: =IF(G49="","OK",IF(G49<F49,"BAD_DATE","OK")) -> OK
A50: CLM-0049 | B50: BR4 | C50: Auto | D50: 11355 | E50: Submitted | F50: =DATE(2026,2,26) -> 46079 | H50: =VLOOKUP($C50,Limits!$A$2:$B$6,2,FALSE) -> 5000 | I50: =IF(D50>H50,"OVER","OK") -> OVER | J50: =IF(G50="","OK",IF(G50<F50,"BAD_DATE","OK")) -> OK
A51: CLM-0050 | B51: BR2 | C51: Travel | D51: 15011 | E51: Approved | F51: =DATE(2026,5,11) -> 46153 | G51: =DATE(2026,5,20) -> 46162 | H51: =VLOOKUP($C51,Limits!$A$2:$B$6,2,FALSE) -> 3000 | I51: =IF(D51>H51,"OVER","OK") -> OVER | J51: =IF(G51="","OK",IF(G51<F51,"BAD_DATE","OK")) -> OK
A52: CLM-0051 | B52: BR5 | C52: Travel | D52: 4862 | E52: Rejected | F52: =DATE(2026,4,14) -> 46126 | H52: =VLOOKUP($C52,Limits!$A$2:$B$6,2,FALSE) -> 3000 | I52: =IF(D52>H52,"OVER","OK") -> OVER | J52: =IF(G52="","OK",IF(G52<F52,"BAD_DATE","OK")) -> OK
A53: CLM-0052 | B53: BR1 | C53: Medical | D53: 9176 | E53: Rejected | F53: =DATE(2026,2,5) -> 46058 | H53: =VLOOKUP($C53,Limits!$A$2:$B$6,2,FALSE) -> 10000 | I53: =IF(D53>H53,"OVER","OK") -> OK | J53: =IF(G53="","OK",IF(G53<F53,"BAD_DATE","OK")) -> OK
A54: CLM-0053 | B54: BR5 | C54: Property | D54: 5038 | E54: Approved | F54: =DATE(2026,2,5) -> 46058 | G54: =DATE(2026,2,18) -> 46071 | H54: =VLOOKUP($C54,Limits!$A$2:$B$6,2,FALSE) -> 20000 | I54: =IF(D54>H54,"OVER","OK") -> OK | J54: =IF(G54="","OK",IF(G54<F54,"BAD_DATE","OK")) -> OK
A55: CLM-0054 | B55: BR2 | C55: Auto | D55: 809 | E55: Rejected | F55: =DATE(2026,5,11) -> 46153 | H55: =VLOOKUP($C55,Limits!$A$2:$B$6,2,FALSE) -> 5000 | I55: =IF(D55>H55,"OVER","OK") -> OK | J55: =IF(G55="","OK",IF(G55<F55,"BAD_DATE","OK")) -> OK
A56: CLM-0055 | B56: BR5 | C56: Travel | D56: 19967 | E56: Rejected | F56: =DATE(2026,3,15) -> 46096 | H56: =VLOOKUP($C56,Limits!$A$2:$B$6,2,FALSE) -> 3000 | I56: =IF(D56>H56,"OVER","OK") -> OVER | J56: =IF(G56="","OK",IF(G56<F56,"BAD_DATE","OK")) -> OK
A57: CLM-0056 | B57: BR4 | C57: Auto | D57: 11844 | E57: Approved | F57: =DATE(2026,3,8) -> 46089 | G57: =DATE(2026,3,37) -> 46118 | H57: =VLOOKUP($C57,Limits!$A$2:$B$6,2,FALSE) -> 5000 | I57: =IF(D57>H57,"OVER","OK") -> OVER | J57: =IF(G57="","OK",IF(G57<F57,"BAD_DATE","OK")) -> OK
A58: CLM-0057 | B58: BR4 | C58: Liability | D58: 22798 | E58: Approved | F58: =DATE(2026,2,27) -> 46080 | G58: =DATE(2026,2,44) -> 46097 | H58: =VLOOKUP($C58,Limits!$A$2:$B$6,2,FALSE) -> 15000 | I58: =IF(D58>H58,"OVER","OK") -> OVER | J58: =IF(G58="","OK",IF(G58<F58,"BAD_DATE","OK")) -> OK
A59: CLM-0058 | B59: BR5 | C59: Liability | D59: 6263 | E59: Paid | F59: =DATE(2026,5,10) -> 46152 | G59: =DATE(2026,5,17) -> 46159 | H59: =VLOOKUP($C59,Limits!$A$2:$B$6,2,FALSE) -> 15000 | I59: =IF(D59>H59,"OVER","OK") -> OK | J59: =IF(G59="","OK",IF(G59<F59,"BAD_DATE","OK")) -> OK
A60: CLM-0059 | B60: BR3 | C60: Travel | D60: 16621 | E60: Rejected | F60: =DATE(2026,1,9) -> 46031 | H60: =VLOOKUP($C60,Limits!$A$2:$B$6,2,FALSE) -> 3000 | I60: =IF(D60>H60,"OVER","OK") -> OVER | J60: =IF(G60="","OK",IF(G60<F60,"BAD_DATE","OK")) -> OK
A61: CLM-0060 | B61: BR2 | C61: Auto | D61: 4781 | E61: Submitted | F61: =DATE(2026,2,8) -> 46061 | H61: =VLOOKUP($C61,Limits!$A$2:$B$6,2,FALSE) -> 5000 | I61: =IF(D61>H61,"OVER","OK") -> OK | J61: =IF(G61="","OK",IF(G61<F61,"BAD_DATE","OK")) -> OK
A62: CLM-0061 | B62: BR2 | C62: Medical | D62: 15360 | E62: Paid | F62: =DATE(2026,5,14) -> 46156 | G62: =DATE(2026,5,27) -> 46169 | H62: =VLOOKUP($C62,Limits!$A$2:$B$6,2,FALSE) -> 10000 | I62: =IF(D62>H62,"OVER","OK") -> OVER | J62: =IF(G62="","OK",IF(G62<F62,"BAD_DATE","OK")) -> OK
A63: CLM-0062 | B63: BR4 | C63: Auto | D63: 9513 | E63: Approved | F63: =DATE(2026,5,28) -> 46170 | G63: =DATE(2026,5,57) -> 46199 | H63: =VLOOKUP($C63,Limits!$A$2:$B$6,2,FALSE) -> 5000 | I63: =IF(D63>H63,"OVER","OK") -> OVER | J63: =IF(G63="","OK",IF(G63<F63,"BAD_DATE","OK")) -> OK
A64: CLM-0063 | B64: BR5 | C64: Liability | D64: 23675 | E64: Paid | F64: =DATE(2026,4,25) -> 46137 | G64: =DATE(2026,4,48) -> 46160 | H64: =VLOOKUP($C64,Limits!$A$2:$B$6,2,FALSE) -> 15000 | I64: =IF(D64>H64,"OVER","OK") -> OVER | J64: =IF(G64="","OK",IF(G64<F64,"BAD_DATE","OK")) -> OK
A65: CLM-0064 | B65: BR1 | C65: Property | D65: 6937 | E65: Paid | F65: =DATE(2026,6,6) -> 46179 | G65: =DATE(2026,6,26) -> 46199 | H65: =VLOOKUP($C65,Limits!$A$2:$B$6,2,FALSE) -> 20000 | I65: =IF(D65>H65,"OVER","OK") -> OK | J65: =IF(G65="","OK",IF(G65<F65,"BAD_DATE","OK")) -> OK
A66: CLM-0065 | B66: BR2 | C66: Medical | D66: 22846 | E66: Rejected | F66: =DATE(2026,5,11) -> 46153 | H66: =VLOOKUP($C66,Limits!$A$2:$B$6,2,FALSE) -> 10000 | I66: =IF(D66>H66,"OVER","OK") -> OVER | J66: =IF(G66="","OK",IF(G66<F66,"BAD_DATE","OK")) -> OK
A67: CLM-0066 | B67: BR1 | C67: Medical | D67: 3924 | E67: Rejected | F67: =DATE(2026,3,8) -> 46089 | H67: =VLOOKUP($C67,Limits!$A$2:$B$6,2,FALSE) -> 10000 | I67: =IF(D67>H67,"OVER","OK") -> OK | J67: =IF(G67="","OK",IF(G67<F67,"BAD_DATE","OK")) -> OK
A68: CLM-0067 | B68: BR2 | C68: Property | D68: 2522 | E68: Paid | F68: =DATE(2026,5,6) -> 46148 | G68: =DATE(2026,5,31) -> 46173 | H68: =VLOOKUP($C68,Limits!$A$2:$B$6,2,FALSE) -> 20000 | I68: =IF(D68>H68,"OVER","OK") -> OK | J68: =IF(G68="","OK",IF(G68<F68,"BAD_DATE","OK")) -> OK
A69: CLM-0068 | B69: BR1 | C69: Liability | D69: 7742 | E69: Approved | F69: =DATE(2026,5,16) -> 46158 | G69: =DATE(2026,5,27) -> 46169 | H69: =VLOOKUP($C69,Limits!$A$2:$B$6,2,FALSE) -> 15000 | I69: =IF(D69>H69,"OVER","OK") -> OK | J69: =IF(G69="","OK",IF(G69<F69,"BAD_DATE","OK")) -> OK
A70: CLM-0069 | B70: BR1 | C70: Travel | D70: 9190 | E70: Approved | F70: =DATE(2026,4,20) -> 46132 | G70: =DATE(2026,4,42) -> 46154 | H70: =VLOOKUP($C70,Limits!$A$2:$B$6,2,FALSE) -> 3000 | I70: =IF(D70>H70,"OVER","OK") -> OVER | J70: =IF(G70="","OK",IF(G70<F70,"BAD_DATE","OK")) -> OK
A71: CLM-0070 | B71: BR4 | C71: Liability | D71: 8530 | E71: Submitted | F71: =DATE(2026,2,26) -> 46079 | H71: =VLOOKUP($C71,Limits!$A$2:$B$6,2,FALSE) -> 15000 | I71: =IF(D71>H71,"OVER","OK") -> OK | J71: =IF(G71="","OK",IF(G71<F71,"BAD_DATE","OK")) -> OK
A72: CLM-0071 | B72: BR4 | C72: Liability | D72: 4224 | E72: Submitted | F72: =DATE(2026,4,23) -> 46135 | H72: =VLOOKUP($C72,Limits!$A$2:$B$6,2,FALSE) -> 15000 | I72: =IF(D72>H72,"OVER","OK") -> OK | J72: =IF(G72="","OK",IF(G72<F72,"BAD_DATE","OK")) -> OK
A73: CLM-0072 | B73: BR3 | C73: Property | D73: 4935 | E73: Submitted | F73: =DATE(2026,5,24) -> 46166 | H73: =VLOOKUP($C73,Limits!$A$2:$B$6,2,FALSE) -> 20000 | I73: =IF(D73>H73,"OVER","OK") -> OK | J73: =IF(G73="","OK",IF(G73<F73,"BAD_DATE","OK")) -> OK
A74: CLM-0073 | B74: BR4 | C74: Liability | D74: 23799 | E74: Rejected | F74: =DATE(2026,6,13) -> 46186 | H74: =VLOOKUP($C74,Limits!$A$2:$B$6,2,FALSE) -> 15000 | I74: =IF(D74>H74,"OVER","OK") -> OVER | J74: =IF(G74="","OK",IF(G74<F74,"BAD_DATE","OK")) -> OK
A75: CLM-0074 | B75: BR3 | C75: Liability | D75: 597 | E75: Paid | F75: =DATE(2026,2,17) -> 46070 | G75: =DATE(2026,2,31) -> 46084 | H75: =VLOOKUP($C75,Limits!$A$2:$B$6,2,FALSE) -> 15000 | I75: =IF(D75>H75,"OVER","OK") -> OK | J75: =IF(G75="","OK",IF(G75<F75,"BAD_DATE","OK")) -> OK
A76: CLM-0075 | B76: BR4 | C76: Property | D76: 459 | E76: Paid | F76: =DATE(2026,1,15) -> 46037 | G76: =DATE(2026,1,44) -> 46066 | H76: =VLOOKUP($C76,Limits!$A$2:$B$6,2,FALSE) -> 20000 | I76: =IF(D76>H76,"OVER","OK") -> OK | J76: =IF(G76="","OK",IF(G76<F76,"BAD_DATE","OK")) -> OK
A77: CLM-0076 | B77: BR5 | C77: Travel | D77: 13815 | E77: Submitted | F77: =DATE(2026,1,6) -> 46028 | H77: =VLOOKUP($C77,Limits!$A$2:$B$6,2,FALSE) -> 3000 | I77: =IF(D77>H77,"OVER","OK") -> OVER | J77: =IF(G77="","OK",IF(G77<F77,"BAD_DATE","OK")) -> OK
A78: CLM-0077 | B78: BR5 | C78: Medical | D78: 11758 | E78: Rejected | F78: =DATE(2026,5,12) -> 46154 | H78: =VLOOKUP($C78,Limits!$A$2:$B$6,2,FALSE) -> 10000 | I78: =IF(D78>H78,"OVER","OK") -> OVER | J78: =IF(G78="","OK",IF(G78<F78,"BAD_DATE","OK")) -> OK
A79: CLM-0078 | B79: BR4 | C79: Property | D79: 12462 | E79: Submitted | F79: =DATE(2026,4,19) -> 46131 | H79: =VLOOKUP($C79,Limits!$A$2:$B$6,2,FALSE) -> 20000 | I79: =IF(D79>H79,"OVER","OK") -> OK | J79: =IF(G79="","OK",IF(G79<F79,"BAD_DATE","OK")) -> OK
A80: CLM-0079 | B80: BR3 | C80: Medical | D80: 11409 | E80: Submitted | F80: =DATE(2026,5,8) -> 46150 | H80: =VLOOKUP($C80,Limits!$A$2:$B$6,2,FALSE) -> 10000 | I80: =IF(D80>H80,"OVER","OK") -> OVER | J80: =IF(G80="","OK",IF(G80<F80,"BAD_DATE","OK")) -> OK
A81: CLM-0080 | B81: BR4 | C81: Travel | D81: 18386 | E81: Approved | F81: =DATE(2026,3,13) -> 46094 | G81: =DATE(2026,3,36) -> 46117 | H81: =VLOOKUP($C81,Limits!$A$2:$B$6,2,FALSE) -> 3000 | I81: =IF(D81>H81,"OVER","OK") -> OVER | J81: =IF(G81="","OK",IF(G81<F81,"BAD_DATE","OK")) -> OK
A82: CLM-0081 | B82: BR1 | C82: Liability | D82: 6173 | E82: Paid | F82: =DATE(2026,5,4) -> 46146 | G82: =DATE(2026,5,17) -> 46159 | H82: =VLOOKUP($C82,Limits!$A$2:$B$6,2,FALSE) -> 15000 | I82: =IF(D82>H82,"OVER","OK") -> OK | J82: =IF(G82="","OK",IF(G82<F82,"BAD_DATE","OK")) -> OK
A83: CLM-0082 | B83: BR4 | C83: Liability | D83: 21386 | E83: Submitted | F83: =DATE(2026,5,3) -> 46145 | H83: =VLOOKUP($C83,Limits!$A$2:$B$6,2,FALSE) -> 15000 | I83: =IF(D83>H83,"OVER","OK") -> OVER | J83: =IF(G83="","OK",IF(G83<F83,"BAD_DATE","OK")) -> OK
A84: CLM-0083 | B84: BR4 | C84: Medical | D84: 2532 | E84: Paid | F84: =DATE(2026,5,10) -> 46152 | G84: =DATE(2026,5,26) -> 46168 | H84: =VLOOKUP($C84,Limits!$A$2:$B$6,2,FALSE) -> 10000 | I84: =IF(D84>H84,"OVER","OK") -> OK | J84: =IF(G84="","OK",IF(G84<F84,"BAD_DATE","OK")) -> OK
A85: CLM-0084 | B85: BR1 | C85: Travel | D85: 11199 | E85: Rejected | F85: =DATE(2026,1,15) -> 46037 | H85: =VLOOKUP($C85,Limits!$A$2:$B$6,2,FALSE) -> 3000 | I85: =IF(D85>H85,"OVER","OK") -> OVER | J85: =IF(G85="","OK",IF(G85<F85,"BAD_DATE","OK")) -> OK
A86: CLM-0085 | B86: BR3 | C86: Auto | D86: 6358 | E86: Approved | F86: =DATE(2026,5,20) -> 46162 | G86: =DATE(2026,5,24) -> 46166 | H86: =VLOOKUP($C86,Limits!$A$2:$B$6,2,FALSE) -> 5000 | I86: =IF(D86>H86,"OVER","OK") -> OVER | J86: =IF(G86="","OK",IF(G86<F86,"BAD_DATE","OK")) -> OK
A87: CLM-0086 | B87: BR5 | C87: Medical | D87: 9923 | E87: Paid | F87: =DATE(2026,2,21) -> 46074 | G87: =DATE(2026,2,39) -> 46092 | H87: =VLOOKUP($C87,Limits!$A$2:$B$6,2,FALSE) -> 10000 | I87: =IF(D87>H87,"OVER","OK") -> OK | J87: =IF(G87="","OK",IF(G87<F87,"BAD_DATE","OK")) -> OK
A88: CLM-0087 | B88: BR2 | C88: Liability | D88: 18853 | E88: Rejected | F88: =DATE(2026,6,25) -> 46198 | H88: =VLOOKUP($C88,Limits!$A$2:$B$6,2,FALSE) -> 15000 | I88: =IF(D88>H88,"OVER","OK") -> OVER | J88: =IF(G88="","OK",IF(G88<F88,"BAD_DATE","OK")) -> OK
A89: CLM-0088 | B89: BR4 | C89: Medical | D89: 7058 | E89: Submitted | F89: =DATE(2026,3,7) -> 46088 | H89: =VLOOKUP($C89,Limits!$A$2:$B$6,2,FALSE) -> 10000 | I89: =IF(D89>H89,"OVER","OK") -> OK | J89: =IF(G89="","OK",IF(G89<F89,"BAD_DATE","OK")) -> OK
A90: CLM-0089 | B90: BR3 | C90: Auto | D90: 19047 | E90: Submitted | F90: =DATE(2026,5,1) -> 46143 | H90: =VLOOKUP($C90,Limits!$A$2:$B$6,2,FALSE) -> 5000 | I90: =IF(D90>H90,"OVER","OK") -> OVER | J90: =IF(G90="","OK",IF(G90<F90,"BAD_DATE","OK")) -> OK
A91: CLM-0090 | B91: BR3 | C91: Liability | D91: 14881 | E91: Submitted | F91: =DATE(2026,1,23) -> 46045 | H91: =VLOOKUP($C91,Limits!$A$2:$B$6,2,FALSE) -> 15000 | I91: =IF(D91>H91,"OVER","OK") -> OK | J91: =IF(G91="","OK",IF(G91<F91,"BAD_DATE","OK")) -> OK
A92: CLM-0091 | B92: BR4 | C92: Liability | D92: 1850 | E92: Paid | F92: =DATE(2026,1,21) -> 46043 | G92: =DATE(2026,1,32) -> 46054 | H92: =VLOOKUP($C92,Limits!$A$2:$B$6,2,FALSE) -> 15000 | I92: =IF(D92>H92,"OVER","OK") -> OK | J92: =IF(G92="","OK",IF(G92<F92,"BAD_DATE","OK")) -> OK
A93: CLM-0092 | B93: BR5 | C93: Auto | D93: 3815 | E93: Paid | F93: =DATE(2026,1,7) -> 46029 | G93: =DATE(2026,1,26) -> 46048 | H93: =VLOOKUP($C93,Limits!$A$2:$B$6,2,FALSE) -> 5000 | I93: =IF(D93>H93,"OVER","OK") -> OK | J93: =IF(G93="","OK",IF(G93<F93,"BAD_DATE","OK")) -> OK
A94: CLM-0093 | B94: BR4 | C94: Medical | D94: 24962 | E94: Submitted | F94: =DATE(2026,2,4) -> 46057 | H94: =VLOOKUP($C94,Limits!$A$2:$B$6,2,FALSE) -> 10000 | I94: =IF(D94>H94,"OVER","OK") -> OVER | J94: =IF(G94="","OK",IF(G94<F94,"BAD_DATE","OK")) -> OK
A95: CLM-0094 | B95: BR2 | C95: Medical | D95: 475 | E95: Paid | F95: =DATE(2026,5,1) -> 46143 | G95: =DATE(2026,5,31) -> 46173 | H95: =VLOOKUP($C95,Limits!$A$2:$B$6,2,FALSE) -> 10000 | I95: =IF(D95>H95,"OVER","OK") -> OK | J95: =IF(G95="","OK",IF(G95<F95,"BAD_DATE","OK")) -> OK
A96: CLM-0095 | B96: BR5 | C96: Travel | D96: 4673 | E96: Submitted | F96: =DATE(2026,3,20) -> 46101 | H96: =VLOOKUP($C96,Limits!$A$2:$B$6,2,FALSE) -> 3000 | I96: =IF(D96>H96,"OVER","OK") -> OVER | J96: =IF(G96="","OK",IF(G96<F96,"BAD_DATE","OK")) -> OK
A97: CLM-0096 | B97: BR1 | C97: Liability | D97: 17906 | E97: Submitted | F97: =DATE(2026,2,12) -> 46065 | H97: =VLOOKUP($C97,Limits!$A$2:$B$6,2,FALSE) -> 15000 | I97: =IF(D97>H97,"OVER","OK") -> OVER | J97: =IF(G97="","OK",IF(G97<F97,"BAD_DATE","OK")) -> OK
A98: CLM-0097 | B98: BR5 | C98: Travel | D98: 1847 | E98: Approved | F98: =DATE(2026,4,24) -> 46136 | G98: =DATE(2026,4,54) -> 46166 | H98: =VLOOKUP($C98,Limits!$A$2:$B$6,2,FALSE) -> 3000 | I98: =IF(D98>H98,"OVER","OK") -> OK | J98: =IF(G98="","OK",IF(G98<F98,"BAD_DATE","OK")) -> OK
A99: CLM-0098 | B99: BR5 | C99: Medical | D99: 17357 | E99: Approved | F99: =DATE(2026,4,6) -> 46118 | G99: =DATE(2026,4,13) -> 46125 | H99: =VLOOKUP($C99,Limits!$A$2:$B$6,2,FALSE) -> 10000 | I99: =IF(D99>H99,"OVER","OK") -> OVER | J99: =IF(G99="","OK",IF(G99<F99,"BAD_DATE","OK")) -> OK
A100: CLM-0099 | B100: BR1 | C100: Auto | D100: 22677 | E100: Submitted | F100: =DATE(2026,6,10) -> 46183 | H100: =VLOOKUP($C100,Limits!$A$2:$B$6,2,FALSE) -> 5000 | I100: =IF(D100>H100,"OVER","OK") -> OVER | J100: =IF(G100="","OK",IF(G100<F100,"BAD_DATE","OK")) -> OK
...

Sheet Limits
A1: category | B1: limit
A2: Auto | B2: 5000
A3: Property | B3: 20000
A4: Medical | B4: 10000
A5: Liability | B5: 15000
A6: Travel | B6: 3000
