Workbook

Sheet Attendance
A1: emp_id | B1: D1 | C1: D2 | D1: D3 | E1: D4 | F1: D5 | G1: D6 | H1: D7 | I1: D8 | J1: D9 | K1: D10 | L1: D11 | M1: D12 | N1: D13 | O1: D14 | P1: D15 | Q1: D16 | R1: D17 | S1: D18 | T1: D19 | U1: D20 | V1: D21 | W1: D22 | X1: D23 | Y1: D24 | Z1: D25 | AA1: D26 | AB1: D27 | AC1: D28 | AD1: D29 | AE1: D30 | AF1: D31
A2: E001 | B2: 2 | C2: 1 | D2: 3 | E2: 9 | F2: 4 | G2: 7 | H2: 10 | I2: 5 | J2: 8 | K2: 10 | L2: 5 | M2: 8 | N2: 8 | O2: 2 | P2: 5 | Q2: 8 | R2: 7 | S2: 10 | T2: 9 | U2: 2 | V2: 3 | W2: 8 | X2: 4 | Y2: 4 | Z2: 8 | AA2: 8 | AB2: 1 | AC2: 4 | AD2: 1 | AE2: 4 | AF2: 6
A3: E002 | B3: 2 | C3: 9 | D3: 4 | E3: 3 | F3: 6 | G3: 7 | H3: 4 | I3: 1 | J3: 1 | K3: 1 | L3: 6 | M3: 10 | N3: 8 | O3: 8 | P3: 7 | Q3: 0 | R3: 8 | S3: 7 | T3: 5 | U3: 3 | V3: 9 | W3: 9 | X3: 7 | Y3: 9 | Z3: 5 | AA3: 0 | AB3: 0 | AC3: 7 | AD3: 5 | AE3: 6 | AF3: 6
A4: E003 | B4: 6 | C4: 0 | D4: 5 | E4: 0 | F4: 9 | G4: 1 | H4: 7 | I4: 9 | J4: 0 | K4: 0 | L4: 5 | M4: 3 | N4: 2 | O4: 2 | P4: 8 | Q4: 0 | R4: 8 | S4: 5 | T4: 3 | U4: 10 | V4: 4 | W4: 7 | X4: 0 | Y4: 6 | Z4: 7 | AA4: 9 | AB4: 0 | AC4: 9 | AD4: 6 | AE4: 1 | AF4: 9
A5: E004 | B5: 4 | C5: 5 | D5: 10 | E5: 3 | F5: 4 | G5: 2 | H5: 4 | I5: 3 | J5: 10 | K5: 4 | L5: 7 | M5: 2 | N5: 10 | O5: 0 | P5: 7 | Q5: 1 | R5: 3 | S5: 7 | T5: 1 | U5: 4 | V5: 9 | W5: 9 | X5: 4 | Y5: 5 | Z5: 0 | AA5: 7 | AB5: 4 | AC5: 2 | AD5: 4 | AE5: 2 | AF5: 10
A6: E005 | B6: 10 | C6: 2 | D6: 1 | E6: 8 | F6: 1 | G6: 1 | H6: 2 | I6: 7 | J6: 2 | K6: 9 | L6: 3 | M6: 2 | N6: 8 | O6: 9 | P6: 6 | Q6: 1 | R6: 9 | S6: 6 | T6: 10 | U6: 5 | V6: 2 | W6: 8 | X6: 6 | Y6: 8 | Z6: 10 | AA6: 3 | AB6: 10 | AC6: 1 | AD6: 7 | AE6: 1 | AF6: 9
A7: E006 | B7: 8 | C7: 2 | D7: 3 | E7: 4 | F7: 5 | G7: 5 | H7: 10 | I7: 8 | J7: 1 | K7: 1 | L7: 1 | M7: 8 | N7: 8 | O7: 9 | P7: 3 | Q7: 4 | R7: 5 | S7: 6 | T7: 0 | U7: 1 | V7: 8 | W7: 4 | X7: 3 | Y7: 8 | Z7: 6 | AA7: 2 | AB7: 2 | AC7: 0 | AD7: 5 | AE7: 8 | AF7: 0
A8: E007 | B8: 2 | C8: 9 | D8: 4 | E8: 10 | F8: 6 | G8: 10 | H8: 3 | I8: 8 | J8: 3 | K8: 6 | L8: 8 | M8: 6 | N8: 0 | O8: 0 | P8: 5 | Q8: 1 | R8: 1 | S8: 4 | T8: 6 | U8: 6 | V8: 10 | W8: 8 | X8: 1 | Y8: 9 | Z8: 2 | AA8: 4 | AB8: 10 | AC8: 8 | AD8: 5 | AE8: 9 | AF8: 5
A9: E008 | B9: 3 | C9: 5 | D9: 1 | E9: 4 | F9: 1 | G9: 9 | H9: 1 | I9: 8 | J9: 1 | K9: 1 | L9: 9 | M9: 9 | N9: 0 | O9: 1 | P9: 7 | Q9: 4 | R9: 4 | S9: 9 | T9: 9 | U9: 5 | V9: 3 | W9: 10 | X9: 5 | Y9: 1 | Z9: 5 | AA9: 1 | AB9: 5 | AC9: 6 | AD9: 2 | AE9: 10 | AF9: 8
A10: E009 | B10: 3 | C10: 0 | D10: 2 | E10: 3 | F10: 2 | G10: 2 | H10: 5 | I10: 5 | J10: 5 | K10: 3 | L10: 2 | M10: 0 | N10: 3 | O10: 10 | P10: 4 | Q10: 6 | R10: 0 | S10: 4 | T10: 0 | U10: 10 | V10: 9 | W10: 0 | X10: 4 | Y10: 3 | Z10: 6 | AA10: 2 | AB10: 7 | AC10: 0 | AD10: 10 | AE10: 0 | AF10: 8
A11: E010 | B11: 5 | C11: 2 | D11: 3 | E11: 4 | F11: 9 | G11: 3 | H11: 4 | I11: 4 | J11: 7 | K11: 9 | L11: 3 | M11: 7 | N11: 1 | O11: 3 | P11: 0 | Q11: 7 | R11: 8 | S11: 4 | T11: 2 | U11: 8 | V11: 5 | W11: 4 | X11: 9 | Y11: 0 | Z11: 2 | AA11: 8 | AB11: 6 | AC11: 2 | AD11: 0 | AE11: 6 | AF11: 0
A12: E011 | B12: 3 | C12: 0 | D12: 10 | E12: 3 | F12: 7 | G12: 6 | H12: 4 | I12: 9 | J12: 3 | K12: 2 | L12: 7 | M12: 5 | N12: 1 | O12: 0 | P12: 2 | Q12: 8 | R12: 5 | S12: 0 | T12: 10 | U12: 10 | V12: 10 | W12: 8 | X12: 4 | Y12: 7 | Z12: 1 | AA12: 4 | AB12: 4 | AC12: 6 | AD12: 4 | AE12: 1 | AF12: 6
A13: E012 | B13: 1 | C13: 4 | D13: 9 | E13: 0 | F13: 7 | G13: 1 | H13: 7 | I13: 5 | J13: 3 | K13: 7 | L13: 1 | M13: 0 | N13: 6 | O13: 4 | P13: 3 | Q13: 9 | R13: 6 | S13: 5 | T13: 8 | U13: 9 | V13: 5 | W13: 10 | X13: 9 | Y13: 4 | Z13: 10 | AA13: 5 | AB13: 1 | AC13: 6 | AD13: 5 | AE13: 2 | AF13: 6
... A41: E040 | B41: 8 | C41: 5 | D41: 2 | E41: 6 | F41: 4 | G41: 7 | H41: 1 | I41: 7 | J41: 2 | K41: 8 | L41: 4 | M41: 8 | N41: 6 | O41: 1 | P41: 10 | Q41: 10 | R41: 0 | S41: 2 | T41: 1 | U41: 9 | V41: 10 | W41: 0 | X41: 3 | Y41: 2 | Z41: 5 | AA41: 4 | AB41: 1 | AC41: 10 | AD41: 1 | AE41: 0 | AF41: 8

Sheet Rates
A1: emp_id | B1: rate
A2: E001 | B2: 16
A3: E002 | B3: 44
A4: E003 | B4: 44
A5: E004 | B5: 21
A6: E005 | B6: 32
A7: E006 | B7: 20
A8: E007 | B8: 19
A9: E008 | B9: 19
A10: E009 | B10: 34
A11: E010 | B11: 39
A12: E011 | B12: 18
A13: E012 | B13: 37
... A40: E040 | B40: 40

Sheet Payroll
A1: emp_id | B1: total_hours | C1: regular_hours | D1: overtime_hours | E1: rate | F1: regular_pay | G1: overtime_pay | H1: gross_pay
A2: E001 | B2: =SUM(Attendance!B2:AF2) -> 174 | C2: =MIN(B2,160) -> 160 | D2: =MAX(B2-160,0) -> 14 | E2: =VLOOKUP(A2,Rates!$A$2:$B$40,2,FALSE) -> 16 | F2: =C2*E2 -> 2560 | G2: =IF(D2>0,D2*E2*1.5,0) -> 336 | H2: =F2+G2 -> 2896
A3: E002 | B3: =SUM(Attendance!B3:AF3) -> 163 | C3: =MIN(B3,160) -> 160 | D3: =MAX(B3-160,0) -> 3 | E3: =VLOOKUP(A3,Rates!$A$2:$B$40,2,FALSE) -> 44 | F3: =C3*E3 -> 7040 | G3: =IF(D3>0,D3*E3*1.5,0) -> 198 | H3: =F3+G3 -> 7238
A4: E003 | B4: =SUM(Attendance!B4:AF4) -> 141 | C4: =MIN(B4,160) -> 141 | D4: =MAX(B4-160,0) -> 0 | E4: =VLOOKUP(A4,Rates!$A$2:$B$40,2,FALSE) -> 44 | F4: =C4*E4 -> 6204 | G4: =IF(D4>0,D4*E4*1.5,0) -> 0 | H4: =F4+G4 -> 6204
A5: E004 | B5: =SUM(Attendance!B5:AF5) -> 147 | C5: =MIN(B5,160) -> 147 | D5: =MAX(B5-160,0) -> 0 | E5: =VLOOKUP(A5,Rates!$A$2:$B$40,2,FALSE) -> 21 | F5: =C5*E5 -> 3087 | G5: =IF(D5>0,D5*E5*1.5,0) -> 0 | H5: =F5+G5 -> 3087
A6: E005 | B6: =SUM(Attendance!B6:AF6) -> 167 | C6: =MIN(B6,160) -> 160 | D6: =MAX(B6-160,0) -> 7 | E6: =VLOOKUP(A6,Rates!$A$2:$B$40,2,FALSE) -> 32 | F6: =C6*E6 -> 5120 | G6: =IF(D6>0,D6*E6*1.5,0) -> 336 | H6: =F6+G6 -> 5456
A7: E006 | B7: =SUM(Attendance!B7:AF7) -> 138 | C7: =MIN(B7,160) -> 138 | D7: =MAX(B7-160,0) -> 0 | E7: =VLOOKUP(A7,Rates!$A$2:$B$40,2,FALSE) -> 20 | F7: =C7*E7 -> 2760 | G7: =IF(D7>0,D7*E7*1.5,0) -> 0 | H7: =F7+G7 -> 2760
A8: E007 | B8: =SUM(Attendance!B8:AF8) -> 169 | C8: =MIN(B8,160) -> 160 | D8: =MAX(B8-160,0) -> 9 | E8: =VLOOKUP(A8,Rates!$A$2:$B$40,2,FALSE) -> 19 | F8: =C8*E8 -> 3040 | G8: =IF(D8>0,D8*E8*1.5,0) -> 256.5 | H8: =F8+G8 -> 3296.5
A9: E008 | B9: =SUM(Attendance!B9:AF9) -> 147 | C9: =MIN(B9,160) -> 147 | D9: =MAX(B9-160,0) -> 0 | E9: =VLOOKUP(A9,Rates!$A$2:$B$40,2,FALSE) -> 19 | F9: =C9*E9 -> 2793 | G9: =IF(D9>0,D9*E9*1.5,0) -> 0 | H9: =F9+G9 -> 2793
A10: E009 | B10: =SUM(Attendance!B10:AF10) -> 118 | C10: =MIN(B10,160) -> 118 | D10: =MAX(B10-160,0) -> 0 | E10: =VLOOKUP(A10,Rates!$A$2:$B$40,2,FALSE) -> 34 | F10: =C10*E10 -> 4012 | G10: =IF(D10>0,D10*E10*1.5,0) -> 0 | H10: =F10+G10 -> 4012
A11: E010 | B11: =SUM(Attendance!B11:AF11) -> 135 | C11: =MIN(B11,160) -> 135 | D11: =MAX(B11-160,0) -> 0 | E11: =VLOOKUP(A11,Rates!$A$2:$B$40,2,FALSE) -> 39 | F11: =C11*E11 -> 5265 | G11: =IF(D11>0,D11*E11*1.5,0) -> 0 | H11: =F11+G11 -> 5265
A12: E011 | B12: =SUM(Attendance!B12:AF12) -> 150 | C12: =MIN(B12,160) -> 150 | D12: =MAX(B12-160,0) -> 0 | E12: =VLOOKUP(A12,Rates!$A$2:$B$40,2,FALSE) -> 18 | F12: =C12*E12 -> 2700 | G12: =IF(D12>0,D12*E12*1.5,0) -> 0 | H12: =F12+G12 -> 2700
A13: E012 | B13: =SUM(Attendance!B13:AF13) -> 158 | C13: =MIN(B13,160) -> 158 | D13: =MAX(B13-160,0) -> 0 | E13: =VLOOKUP(A13,Rates!$A$2:$B$40,2,FALSE) -> 37 | F13: =C13*E13 -> 5846 | G13: =IF(D13>0,D13*E13*1.5,0) -> 0 | H13: =F13+G13 -> 5846
... A41: E040 | B41: =SUM(Attendance!B41:AF41) -> 145 | C41: =MIN(B41,160) -> 145 | D41: =MAX(B41-160,0) -> 0 | E41: =VLOOKUP(A41,Rates!$A$2:$B$40,2,FALSE) -> 40 | F41: =C41*E41 -> 5800 | G41: =IF(D41>0,D41*E41*1.5,0) -> 0 | H41: =F41+G41 -> 5800
