Workbook

Sheet Movements
A1: date | B1: sku | C1: branch | D1: qty_in | E1: qty_out
A2: 46023 | B2: SKU-005 | C2: BR3 | D2: 0 | E2: 39
A3: 46024 | B3: SKU-005 | C3: BR2 | D3: 20 | E3: 0
A4: 46025 | B4: SKU-007 | C4: BR3 | D4: 5 | E4: 0
A5: 46026 | B5: SKU-003 | C5: BR2 | D5: 0 | E5: 39
A6: 46027 | B6: SKU-001 | C6: BR3 | D6: 20 | E6: 0
A7: 46028 | B7: SKU-010 | C7: BR3 | D7: 0 | E7: 35
A8: 46029 | B8: SKU-001 | C8: BR1 | D8: 37 | E8: 0
A9: 46030 | B9: SKU-003 | C9: BR1 | D9: 25 | E9: 0
A10: 46031 | B10: SKU-009 | C10: BR3 | D10: 47 | E10: 0
A11: 46032 | B11: SKU-004 | C11: BR2 | D11: 0 | E11: 8
A12: 46033 | B12: SKU-005 | C12: BR3 | D12: 0 | E12: 46
A13: 46034 | B13: SKU-002 | C13: BR3 | D13: 0 | E13: 38
... A601: 46201 | B601: SKU-003 | C601: BR2 | D601: 0 | E601: 20

Sheet Sales
A1: date | B1: sku | C1: branch | D1: qty
A2: 46023 | B2: SKU-005 | C2: BR3 | D2: 39
A3: 46026 | B3: SKU-003 | C3: BR2 | D3: 39
A4: 46028 | B4: SKU-010 | C4: BR3 | D4: 35
A5: 46032 | B5: SKU-004 | C5: BR2 | D5: 8
A6: 46033 | B6: SKU-005 | C6: BR3 | D6: 46
A7: 46034 | B7: SKU-002 | C7: BR3 | D7: 38
A8: 46035 | B8: SKU-003 | C8: BR1 | D8: 47
A9: 46036 | B9: SKU-006 | C9: BR3 | D9: 24
A10: 46043 | B10: SKU-001 | C10: BR3 | D10: 36
A11: 46044 | B11: SKU-009 | C11: BR3 | D11: 2
A12: 46047 | B12: SKU-001 | C12: BR3 | D12: 19
A13: 46049 | B13: SKU-005 | C13: BR1 | D13: 46
... A296: 46201 | B296: SKU-003 | C296: BR2 | D296: 25

Sheet Purchases
A1: date | B1: sku | C1: branch | D1: qty
A2: 46024 | B2: SKU-005 | C2: BR2 | D2: 20
A3: 46025 | B3: SKU-007 | C3: BR3 | D3: 5
A4: 46027 | B4: SKU-001 | C4: BR3 | D4: 20
A5: 46029 | B5: SKU-001 | C5: BR1 | D5: 37
A6: 46030 | B6: SKU-003 | C6: BR1 | D6: 25
A7: 46031 | B7: SKU-009 | C7: BR3 | D7: 47
A8: 46037 | B8: SKU-004 | C8: BR1 | D8: 21
A9: 46038 | B9: SKU-006 | C9: BR1 | D9: 12
A10: 46039 | B10: SKU-010 | C10: BR1 | D10: 32
A11: 46040 | B11: SKU-003 | C11: BR3 | D11: 38
A12: 46041 | B12: SKU-009 | C12: BR1 | D12: 37
A13: 46042 | B13: SKU-007 | C13: BR1 | D13: 24
... A306: 46200 | B306: SKU-007 | C306: BR1 | D306: 8

Sheet Recon
A1: sku | B1: branch | C1: mov_in | D1: mov_out | E1: purchases | F1: sales | G1: diff_in | H1: diff_out | I1: name | K1: sku | L1: name
A2: SKU-001 | B2: BR1 | C2: =SUMIFS(Movements!$D$2:$D$601,Movements!$B$2:$B$601,$A2,Movements!$C$2:$C$601,$B2) -> 128 | D2: =SUMIFS(Movements!$E$2:$E$601,Movements!$B$2:$B$601,$A2,Movements!$C$2:$C$601,$B2) -> 336 | E2: =SUMIFS(Purchases!$D$2:$D$306,Purchases!$B$2:$B$306,$A2,Purchases!$C$2:$C$306,$B2) -> 128 | F2: =SUMIFS(Sales!$D$2:$D$296,Sales!$B$2:$B$296,$A2,Sales!$C$2:$C$296,$B2) -> 336 | G2: =C2-E2 -> 0 | H2: =D2-F2 -> 0 | I2: =VLOOKUP($A2,$K$2:$L$11,2,FALSE) -> Widget 1 | K2: SKU-001 | L2: Widget 1
A3: SKU-001 | B3: BR2 | C3: =SUMIFS(Movements!$D$2:$D$601,Movements!$B$2:$B$601,$A3,Movements!$C$2:$C$601,$B3) -> 143 | D3: =SUMIFS(Movements!$E$2:$E$601,Movements!$B$2:$B$601,$A3,Movements!$C$2:$C$601,$B3) -> 385 | E3: =SUMIFS(Purchases!$D$2:$D$306,Purchases!$B$2:$B$306,$A3,Purchases!$C$2:$C$306,$B3) -> 143 | F3: =SUMIFS(Sales!$D$2:$D$296,Sales!$B$2:$B$296,$A3,Sales!$C$2:$C$296,$B3) -> 385 | G3: =C3-E3 -> 0 | H3: =D3-F3 -> 0 | I3: =VLOOKUP($A3,$K$2:$L$11,2,FALSE) -> Widget 1 | K3: SKU-002 | L3: Widget 2
A4: SKU-001 | B4: BR3 | C4: =SUMIFS(Movements!$D$2:$D$601,Movements!$B$2:$B$601,$A4,Movements!$C$2:$C$601,$B4) -> 180 | D4: =SUMIFS(Movements!$E$2:$E$601,Movements!$B$2:$B$601,$A4,Movements!$C$2:$C$601,$B4) -> 449 | E4: =SUMIFS(Purchases!$D$2:$D$306,Purchases!$B$2:$B$306,$A4,Purchases!$C$2:$C$306,$B4) -> 180 | F4: =SUMIFS(Sales!$D$2:$D$296,Sales!$B$2:$B$296,$A4,Sales!$C$2:$C$296,$B4) -> 449 | G4: =C4-E4 -> 0 | H4: =D4-F4 -> 0 | I4: =VLOOKUP($A4,$K$2:$L$11,2,FALSE) -> Widget 1 | K4: SKU-003 | L4: Widget 3
A5: SKU-002 | B5: BR1 | C5: =SUMIFS(Movements!$D$2:$D$601,Movements!$B$2:$B$601,$A5,Movements!$C$2:$C$601,$B5) -> 175 | D5: =SUMIFS(Movements!$E$2:$E$601,Movements!$B$2:$B$601,$A5,Movements!$C$2:$C$601,$B5) -> 314 | E5: =SUMIFS(Purchases!$D$2:$D$306,Purchases!$B$2:$B$306,$A5,Purchases!$C$2:$C$306,$B5) -> 175 | F5: =SUMIFS(Sales!$D$2:$D$296,Sales!$B$2:$B$296,$A5,Sales!$C$2:$C$296,$B5) -> 314 | G5: =C5-E5 -> 0 | H5: =D5-F5 -> 0 | I5: =VLOOKUP($A5,$K$2:$L$11,2,FALSE) -> Widget 2 | K5: SKU-004 | L5: Widget 4
A6: SKU-002 | B6: BR2 | C6: =SUMIFS(Movements!$D$2:$D$601,Movements!$B$2:$B$601,$A6,Movements!$C$2:$C$601,$B6) -> 318 | D6: =SUMIFS(Movements!$E$2:$E$601,Movements!$B$2:$B$601,$A6,Movements!$C$2:$C$601,$B6) -> 212 | E6: =SUMIFS(Purchases!$D$2:$D$306,Purchases!$B$2:$B$306,$A6,Purchases!$C$2:$C$306,$B6) -> 318 | F6: =SUMIFS(Sales!$D$2:$D$296,Sales!$B$2:$B$296,$A6,Sales!$C$2:$C$296,$B6) -> 212 | G6: =C6-E6 -> 0 | H6: =D6-F6 -> 0 | I6: =VLOOKUP($A6,$K$2:$L$11,2,FALSE) -> Widget 2 | K6: SKU-005 | L6: Widget 5
A7: SKU-002 | B7: BR3 | C7: =SUMIFS(Movements!$D$2:$D$601,Movements!$B$2:$B$601,$A7,Movements!$C$2:$C$601,$B7) -> 187 | D7: =SUMIFS(Movements!$E$2:$E$601,Movements!$B$2:$B$601,$A7,Movements!$C$2:$C$601,$B7) -> 237 | E7: =SUMIFS(Purchases!$D$2:$D$306,Purchases!$B$2:$B$306,$A7,Purchases!$C$2:$C$306,$B7) -> 187 | F7: =SUMIFS(Sales!$D$2:$D$296,Sales!$B$2:$B$296,$A7,Sales!$C$2:$C$296,$B7) -> 237 | G7: =C7-E7 -> 0 | H7: =D7-F7 -> 0 | I7: =VLOOKUP($A7,$K$2:$L$11,2,FALSE) -> Widget 2 | K7: SKU-006 | L7: Widget 6
A8: SKU-003 | B8: BR1 | C8: =SUMIFS(Movements!$D$2:$D$601,Movements!$B$2:$B$601,$A8,Movements!$C$2:$C$601,$B8) -> 259 | D8: =SUMIFS(Movements!$E$2:$E$601,Movements!$B$2:$B$601,$A8,Movements!$C$2:$C$601,$B8) -> 647 | E8: =SUMIFS(Purchases!$D$2:$D$306,Purchases!$B$2:$B$306,$A8,Purchases!$C$2:$C$306,$B8) -> 259 | F8: =SUMIFS(Sales!$D$2:$D$296,Sales!$B$2:$B$296,$A8,Sales!$C$2:$C$296,$B8) -> 647 | G8: =C8-E8 -> 0 | H8: =D8-F8 -> 0 | I8: =VLOOKUP($A8,$K$2:$L$11,2,FALSE) -> Widget 3 | K8: SKU-007 | L8: Widget 7
A9: SKU-003 | B9: BR2 | C9: =SUMIFS(Movements!$D$2:$D$601,Movements!$B$2:$B$601,$A9,Movements!$C$2:$C$601,$B9) -> 311 | D9: =SUMIFS(Movements!$E$2:$E$601,Movements!$B$2:$B$601,$A9,Movements!$C$2:$C$601,$B9) -> 115 | E9: =SUMIFS(Purchases!$D$2:$D$306,Purchases!$B$2:$B$306,$A9,Purchases!$C$2:$C$306,$B9) -> 311 | F9: =SUMIFS(Sales!$D$2:$D$296,Sales!$B$2:$B$296,$A9,Sales!$C$2:$C$296,$B9) -> 120 | G9: =C9-E9 -> 0 | H9: =D9-F9 -> -5 | I9: =VLOOKUP($A9,$K$2:$L$11,2,FALSE) -> Widget 3 | K9: SKU-008 | L9: Widget 8
A10: SKU-003 | B10: BR3 | C10: =SUMIFS(Movements!$D$2:$D$601,Movements!$B$2:$B$601,$A10,Movements!$C$2:$C$601,$B10) -> 275 | D10: =SUMIFS(Movements!$E$2:$E$601,Movements!$B$2:$B$601,$A10,Movements!$C$2:$C$601,$B10) -> 272 | E10: =SUMIFS(Purchases!$D$2:$D$306,Purchases!$B$2:$B$306,$A10,Purchases!$C$2:$C$306,$B10) -> 275 | F10: =SUMIFS(Sales!$D$2:$D$296,Sales!$B$2:$B$296,$A10,Sales!$C$2:$C$296,$B10) -> 272 | G10: =C10-E10 -> 0 | H10: =D10-F10 -> 0 | I10: =VLOOKUP($A10,$K$2:$L$11,2,FALSE) -> Widget 3 | K10: SKU-009 | L10: Widget 9
A11: SKU-004 | B11: BR1 | C11: =SUMIFS(Movements!$D$2:$D$601,Movements!$B$2:$B$601,$A11,Movements!$C$2:$C$601,$B11) -> 205 | D11: =SUMIFS(Movements!$E$2:$E$601,Movements!$B$2:$B$601,$A11,Movements!$C$2:$C$601,$B11) -> 185 | E11: =SUMIFS(Purchases!$D$2:$D$306,Purchases!$B$2:$B$306,$A11,Purchases!$C$2:$C$306,$B11) -> 205 | F11: =SUMIFS(Sales!$D$2:$D$296,Sales!$B$2:$B$296,$A11,Sales!$C$2:$C$296,$B11) -> 185 | G11: =C11-E11 -> 0 | H11: =D11-F11 -> 0 | I11: =VLOOKUP($A11,$K$2:$L$11,2,FALSE) -> Widget 4 | K11: SKU-010 | L11: Widget 10
A12: SKU-004 | B12: BR2 | C12: =SUMIFS(Movements!$D$2:$D$601,Movements!$B$2:$B$601,$A12,Movements!$C$2:$C$601,$B12) -> 234 | D12: =SUMIFS(Movements!$E$2:$E$601,Movements!$B$2:$B$601,$A12,Movements!$C$2:$C$601,$B12) -> 176 | E12: =SUMIFS(Purchases!$D$2:$D$306,Purchases!$B$2:$B$306,$A12,Purchases!$C$2:$C$306,$B12) -> 234 | F12: =SUMIFS(Sales!$D$2:$D$296,Sales!$B$2:$B$296,$A12,Sales!$C$2:$C$296,$B12) -> 176 | G12: =C12-E12 -> 0 | H12: =D12-F12 -> 0 | I12: =VLOOKUP($A12,$K$2:$L$11,2,FALSE) -> Widget 4
A13: SKU-004 | B13: BR3 | C13: =SUMIFS(Movements!$D$2:$D$601,Movements!$B$2:$B$601,$A13,Movements!$C$2:$C$601,$B13) -> 202 | D13: =SUMIFS(Movements!$E$2:$E$601,Movements!$B$2:$B$601,$A13,Movements!$C$2:$C$601,$B13) -> 322 | E13: =SUMIFS(Purchases!$D$2:$D$306,Purchases!$B$2:$B$306,$A13,Purchases!$C$2:$C$306,$B13) -> 202 | F13: =SUMIFS(Sales!$D$2:$D$296,Sales!$B$2:$B$296,$A13,Sales!$C$2:$C$296,$B13) -> 322 | G13: =C13-E13 -> 0 | H13: =D13-F13 -> 0 | I13: =VLOOKUP($A13,$K$2:$L$11,2,FALSE) -> Widget 4
A14: SKU-005 | B14: BR1 | C14: =SUMIFS(Movements!$D$2:$D$601,Movements!$B$2:$B$601,$A14,Movements!$C$2:$C$601,$B14) -> 272 | D14: =SUMIFS(Movements!$E$2:$E$601,Movements!$B$2:$B$601,$A14,Movements!$C$2:$C$601,$B14) -> 168 | E14: =SUMIFS(Purchases!$D$2:$D$306,Purchases!$B$2:$B$306,$A14,Purchases!$C$2:$C$306,$B14) -> 272 | F14: =SUMIFS(Sales!$D$2:$D$296,Sales!$B$2:$B$296,$A14,Sales!$C$2:$C$296,$B14) -> 168 | G14: =C14-E14 -> 0 | H14: =D14-F14 -> 0 | I14: =VLOOKUP($A14,$K$2:$L$11,2,FALSE) -> Widget 5
A15: SKU-005 | B15: BR2 | C15: =SUMIFS(Movements!$D$2:$D$601,Movements!$B$2:$B$601,$A15,Movements!$C$2:$C$601,$B15) -> 231 | D15: =SUMIFS(Movements!$E$2:$E$601,Movements!$B$2:$B$601,$A15,Movements!$C$2:$C$601,$B15) -> 99 | E15: =SUMIFS(Purchases!$D$2:$D$306,Purchases!$B$2:$B$306,$A15,Purchases!$C$2:$C$306,$B15) -> 231 | F15: =SUMIFS(Sales!$D$2:$D$296,Sales!$B$2:$B$296,$A15,Sales!$C$2:$C$296,$B15) -> 99 | G15: =C15-E15 -> 0 | H15: =D15-F15 -> 0 | I15: =VLOOKUP($A15,$K$2:$L$11,2,FALSE) -> Widget 5
A16: SKU-005 | B16: BR3 | C16: =SUMIFS(Movements!$D$2:$D$601,Movements!$B$2:$B$601,$A16,Movements!$C$2:$C$601,$B16) -> 506 | D16: =SUMIFS(Movements!$E$2:$E$601,Movements!$B$2:$B$601,$A16,Movements!$C$2:$C$601,$B16) -> 289 | E16: =SUMIFS(Purchases!$D$2:$D$306,Purchases!$B$2:$B$306,$A16,Purchases!$C$2:$C$306,$B16) -> 506 | F16: =SUMIFS(Sales!$D$2:$D$296,Sales!$B$2:$B$296,$A16,Sales!$C$2:$C$296,$B16) -> 289 | G16: =C16-E16 -> 0 | H16: =D16-F16 -> 0 | I16: =VLOOKUP($A16,$K$2:$L$11,2,FALSE) -> Widget 5
A17: SKU-006 | B17: BR1 | C17: =SUMIFS(Movements!$D$2:$D$601,Movements!$B$2:$B$601,$A17,Movements!$C$2:$C$601,$B17) -> 254 | D17: =SUMIFS(Movements!$E$2:$E$601,Movements!$B$2:$B$601,$A17,Movements!$C$2:$C$601,$B17) -> 108 | E17: =SUMIFS(Purchases!$D$2:$D$306,Purchases!$B$2:$B$306,$A17,Purchases!$C$2:$C$306,$B17) -> 254 | F17: =SUMIFS(Sales!$D$2:$D$296,Sales!$B$2:$B$296,$A17,Sales!$C$2:$C$296,$B17) -> 108 | G17: =C17-E17 -> 0 | H17: =D17-F17 -> 0 | I17: =VLOOKUP($A17,$K$2:$L$11,2,FALSE) -> Widget 6
A18: SKU-006 | B18: BR2 | C18: =SUMIFS(Movements!$D$2:$D$601,Movements!$B$2:$B$601,$A18,Movements!$C$2:$C$601,$B18) -> 374 | D18: =SUMIFS(Movements!$E$2:$E$601,Movements!$B$2:$B$601,$A18,Movements!$C$2:$C$601,$B18) -> 241 | E18: =SUMIFS(Purchases!$D$2:$D$306,Purchases!$B$2:$B$306,$A18,Purchases!$C$2:$C$306,$B18) -> 374 | F18: =SUMIFS(Sales!$D$2:$D$296,Sales!$B$2:$B$296,$A18,Sales!$C$2:$C$296,$B18) -> 241 | G18: =C18-E18 -> 0 | H18: =D18-F18 -> 0 | I18: =VLOOKUP($A18,$K$2:$L$11,2,FALSE) -> Widget 6
A19: SKU-006 | B19: BR3 | C19: =SUMIFS(Movements!$D$2:$D$601,Movements!$B$2:$B$601,$A19,Movements!$C$2:$C$601,$B19) -> 214 | D19: =SUMIFS(Movements!$E$2:$E$601,Movements!$B$2:$B$601,$A19,Movements!$C$2:$C$601,$B19) -> 194 | E19: =SUMIFS(Purchases!$D$2:$D$306,Purchases!$B$2:$B$306,$A19,Purchases!$C$2:$C$306,$B19) -> 214 | F19: =SUMIFS(Sales!$D$2:$D$296,Sales!$B$2:$B$296,$A19,Sales!$C$2:$C$296,$B19) -> 194 | G19: =C19-E19 -> 0 | H19: =D19-F19 -> 0 | I19: =VLOOKUP($A19,$K$2:$L$11,2,FALSE) -> Widget 6
A20: SKU-007 | B20: BR1 | C20: =SUMIFS(Movements!$D$2:$D$601,Movements!$B$2:$B$601,$A20,Movements!$C$2:$C$601,$B20) -> 177 | D20: =SUMIFS(Movements!$E$2:$E$601,Movements!$B$2:$B$601,$A20,Movements!$C$2:$C$601,$B20) -> 272 | E20: =SUMIFS(Purchases!$D$2:$D$306,Purchases!$B$2:$B$306,$A20,Purchases!$C$2:$C$306,$B20) -> 170 | F20: =SUMIFS(Sales!$D$2:$D$296,Sales!$B$2:$B$296,$A20,Sales!$C$2:$C$296,$B20) -> 272 | G20: =C20-E20 -> 7 | H20: =D20-F20 -> 0 | I20: =VLOOKUP($A20,$K$2:$L$11,2,FALSE) -> Widget 7
A21: SKU-007 | B21: BR2 | C21: =SUMIFS(Movements!$D$2:$D$601,Movements!$B$2:$B$601,$A21,Movements!$C$2:$C$601,$B21) -> 320 | D21: =SUMIFS(Movements!$E$2:$E$601,Movements!$B$2:$B$601,$A21,Movements!$C$2:$C$601,$B21) -> 175 | E21: =SUMIFS(Purchases!$D$2:$D$306,Purchases!$B$2:$B$306,$A21,Purchases!$C$2:$C$306,$B21) -> 320 | F21: =SUMIFS(Sales!$D$2:$D$296,Sales!$B$2:$B$296,$A21,Sales!$C$2:$C$296,$B21) -> 175 | G21: =C21-E21 -> 0 | H21: =D21-F21 -> 0 | I21: =VLOOKUP($A21,$K$2:$L$11,2,FALSE) -> Widget 7
A22: SKU-007 | B22: BR3 | C22: =SUMIFS(Movements!$D$2:$D$601,Movements!$B$2:$B$601,$A22,Movements!$C$2:$C$601,$B22) -> 332 | D22: =SUMIFS(Movements!$E$2:$E$601,Movements!$B$2:$B$601,$A22,Movements!$C$2:$C$601,$B22) -> 205 | E22: =SUMIFS(Purchases!$D$2:$D$306,Purchases!$B$2:$B$306,$A22,Purchases!$C$2:$C$306,$B22) -> 332 | F22: =SUMIFS(Sales!$D$2:$D$296,Sales!$B$2:$B$296,$A22,Sales!$C$2:$C$296,$B22) -> 205 | G22: =C22-E22 -> 0 | H22: =D22-F22 -> 0 | I22: =VLOOKUP($A22,$K$2:$L$11,2,FALSE) -> Widget 7
A23: SKU-008 | B23: BR1 | C23: =SUMIFS(Movements!$D$2:$D$601,Movements!$B$2:$B$601,$A23,Movements!$C$2:$C$601,$B23) -> 341 | D23: =SUMIFS(Movements!$E$2:$E$601,Movements!$B$2:$B$601,$A23,Movements!$C$2:$C$601,$B23) -> 171 | E23: =SUMIFS(Purchases!$D$2:$D$306,Purchases!$B$2:$B$306,$A23,Purchases!$C$2:$C$306,$B23) -> 341 | F23: =SUMIFS(Sales!$D$2:$D$296,Sales!$B$2:$B$296,$A23,Sales!$C$2:$C$296,$B23) -> 171 | G23: =C23-E23 -> 0 | H23: =D23-F23 -> 0 | I23: =VLOOKUP($A23,$K$2:$L$11,2,FALSE) -> Widget 8
... A32: SKU-999 | B32: BR1 | C32: =SUMIFS(Movements!$D$2:$D$601,Movements!$B$2:$B$601,$A32,Movements!$C$2:$C$601,$B32) -> 0 | D32: =SUMIFS(Movements!$E$2:$E$601,Movements!$B$2:$B$601,$A32,Movements!$C$2:$C$601,$B32) -> 0 | E32: =SUMIFS(Purchases!$D$2:$D$306,Purchases!$B$2:$B$306,$A32,Purchases!$C$2:$C$306,$B32) -> 0 | F32: =SUMIFS(Sales!$D$2:$D$296,Sales!$B$2:$B$296,$A32,Sales!$C$2:$C$296,$B32) -> 0 | G32: =C32-E32 -> 0 | H32: =D32-F32 -> 0 | I32: =VLOOKUP($A32,$K$2:$L$11,2,FALSE) -> #N/A
